Monarch_ID,Temperature_treatment,Monarch_family,Monarch_sex,Caterpillar_proportion_black,Adult_percent_black,Adult_wingsize_mm2,Adult_wing_measured,Wing_aspect_ratio,Monarch_development_time_days,Monarch_growth_rate,Experiment_type
C1,C,EJRB1,F,0.35812133,0.72867157,959.223888,right,1.860969611,23,41.70538643,lab
C10,C,EJRB1,F,0.41935484,0.72209692,918.4999551,right,1.777231599,23,39.93478066,lab
C11,C,EJRB1,F,0.39459459,0.75195886,801.4320889,right,1.899981768,22,36.42873131,lab
C12,C,EJRB1,F,0.45564516,0.70920698,817.4392253,right,1.806522994,22,37.15632842,lab
C13,C,EJRB1,M,0.51388889,0.61600682,865.8477307,right,1.831092407,22,39.35671503,lab
C14,C,EJRB1,M,0.42334495,0.61655706,875.2598982,right,1.8294254,23,38.05477818,lab
C15,C,EJRB1,F,0.57321429,0.78361471,878.9229733,left,1.814983111,24,36.62179055,lab
C17,C,EJRB1,M,0.57763975,0.63537835,908.1128791,left,1.811270638,23,39.48316866,lab
C18,C,EJRB1,M,0.41726619,0.63247479,829.6685916,right,1.893737761,23,36.07254746,lab
C2,C,EJRB1,F,0.32352941,0.72336308,848.256368,right,1.860214269,23,36.88071165,lab
C20,C,EJRB1,F,0.45913043,0.75667512,814.0198773,right,1.806411798,22,37.00090351,lab
C21,C,EJRB1,F,0.44668008,0.70577181,816.3496218,right,1.915118166,22,37.10680099,lab
C22,C,EJRB1,M,0.52559055,0.62736515,877.8118644,left,1.841492101,22,39.90053929,lab
C23,C,EJRB1,F,0.31683168,0.70205905,875.9265636,right,1.845167375,24,36.49694015,lab
C24,C,EJRB1,F,0.48453608,0.71093242,859.3674569,right,1.856477977,23,37.36380247,lab
C26,C,EJRB1,M,0.34317343,0.63250648,849.3244662,right,1.84407128,23,36.9271507,lab
C28,C,EJRB1,M,0.38568588,0.60176544,880.2993147,right,1.888018938,23,38.27388325,lab
C29,C,EJRB1,F,0.44123711,0.70285254,809.4392413,right,1.832324014,25,32.37756965,lab
C3,C,EJRB1,M,0.47851563,0.63922313,879.9193871,right,1.899225811,23,38.25736466,lab
C30,C,EJRB1,F,0.578125,0.69194908,839.546708,right,1.829659653,24,34.98111283,lab
C31,C,EJRB1,M,0.45746692,0.62779873,771.5970231,right,1.835587642,28,27.55703654,lab
C32,C,EJRB1,F,0.46484375,0.69557679,913.7186027,right,1.832563888,24,38.07160845,lab
C33,C,EJRB1,M,0.37115385,0.64205837,788.4572044,left,1.866691382,22,35.83896384,lab
C34,C,EJRB1,F,0.45062837,0.73257603,787.546812,right,1.840742144,23,34.24116574,lab
C35,C,EJRB1,F,0.40515654,0.69462393,848.70798,right,1.837671624,23,36.90034696,lab
C36,C,EJRB1,F,0.48888889,0.73198951,918.2203858,right,1.808884862,24,38.25918274,lab
C37,C,EJRB1,M,0.56505576,0.60629687,890.0125569,right,1.833071411,23,38.69619813,lab
C39,C,EJRB1,M,0.3926499,0.62532284,921.4891964,right,1.866865935,24,38.39538318,lab
C4,C,EJRB1,F,0.41057543,0.76039604,890.5358533,right,1.898721708,23,38.71895014,lab
C40,C,EJRB1,M,0.48229342,0.64867012,884.2778013,left,1.866121249,25,35.37111205,lab
C41,C,EJRB1,F,0.47014925,0.71390629,871.7832027,right,1.920754062,24,36.32430011,lab
C46,C,RBUL5,M,0.36053131,0.62154955,903.2096631,right,1.926026894,23,39.26998535,lab
C47,C,RBUL5,F,0.46292585,0.70354853,925.6182204,right,1.913504662,23,40.24427045,lab
C48,C,RBUL5,M,0.4362069,0.62458953,836.0915178,right,1.914930927,23,36.35180512,lab
C49,C,RBUL5,F,0.41165756,0.72753689,821.4965649,right,1.820403892,22,37.34075295,lab
C5,C,EJRB1,F,0.28405316,0.71557551,859.0807191,left,1.916049517,26,33.04156612,lab
C50,C,RBUL5,M,0.37478992,0.62434866,865.3244342,right,1.921501972,23,37.62280149,lab
C51,C,RBUL5,M,0.55226824,0.6097095,877.9767387,right,1.877855646,23,38.17290168,lab
C52,C,RBUL5,M,0.54774775,0.64172914,789.8335458,right,1.942828404,24,32.90973108,lab
C53,C,EJRB1,F,0.43155894,0.70012451,817.5180782,right,1.937144336,22,37.15991265,lab
C54,C,RBUL5,M,0.4620462,0.61585953,877.7760222,right,1.966647905,23,38.16417488,lab
C55,C,EJRB1,M,0.32857143,0.61186247,886.7437462,right,1.852164692,24,36.94765609,lab
C56,C,RBUL5,F,0.46567718,0.70919462,868.3566862,right,1.930277874,23,37.75463853,lab
C57,C,EJRB1,F,0.44861338,0.74796748,875.546636,right,1.880131805,23,38.06724504,lab
C59,C,RBUL5,M,0.52317881,0.63467094,836.2062129,left,1.855401648,23,36.35679187,lab
C60,C,EJRB1,M,0.39105058,0.64043278,889.7975036,right,1.901341471,24,37.07489598,lab
C7,C,EJRB1,F,0.15912898,0.69992658,917.7185947,left,1.842765217,22,41.71448158,lab
C8,C,EJRB1,M,0.23539823,0.62017343,891.1236658,right,1.811921035,23,38.74450721,lab
C9,C,EJRB1,F,0.37241379,0.73447249,861.6900329,right,1.922062985,23,37.46478404,lab
H31,H,RBUL5,F,0.06422018,0.81480998,769.2170996,right,1.884406539,12,64.10142497,lab
H33,H,RBUL3,F,0.07407407,0.79043461,875.1667084,right,1.933632996,12,72.93055903,lab
H38,H,RBUL3,M,0.10204082,0.61855359,784.9374982,right,1.894837211,12,65.41145818,lab
H43,H,EJRB1,F,0.16,0.77766135,855.1309062,right,1.990190624,15,57.00872708,lab
H45,H,EJRB1,M,0.2253886,0.61841653,791.869384,right,1.979239927,13,60.91302954,lab
H46,H,EJRB1,M,0.01937984,0.59739249,819.7976436,right,1.898462735,12,68.3164703,lab
H50,H,EJRB1,M,0.18045113,0.61502497,832.5431378,right,1.884353218,12,69.37859482,lab
H53,H,EJRB1,F,0.07372401,0.79241912,826.44996,left,1.902171742,12,68.87083,lab
H55,H,EJRB1,F,0.1537037,0.7473002,841.6900729,right,1.816916352,12,70.14083941,lab
H56,H,EJRB1,M,0.14257426,0.61012942,812.5646831,right,1.837960632,12,67.71372359,lab
H59,H,EJRB1,M,0.14699793,0.6076878,832.4857902,left,1.943579342,12,69.37381585,lab
H61,H,EJRB1,M,0.14956522,0.61254635,823.5539084,right,1.921642671,13,63.35030065,lab
H62,H,EJRB1,M,0.11260504,0.5940022,878.4570244,right,1.886396342,12,73.20475203,lab
H63,H,EJRB1,M,0.30282862,0.58426703,825.3316827,right,1.890756465,13,63.48705252,lab
H66,H,EJRB1,M,0.07456979,0.64658994,777.8980858,right,1.877159885,13,59.83831429,lab
H67,H,EJRB1,M,0.17168142,0.60208144,858.9301818,right,1.917678067,14,61.35215584,lab
H68,H,EJRB1,F,0.16146789,0.83441742,683.2817876,right,1.928208335,14,48.80584197,lab